Name,Tm,FantPos,Age,G,GS,Cmp,Att,Yds,TD,Int,Att,Yds,Y/A,TD,Tgt,Rec,Yds,Y/R,TD,FantPt,PPR,PosRank
Patrick Mahomes,KAN,QB,23,16,16,383,580,5097,50,12,60,272,4.53,2,0,0,0,,0,417,417.1,1
Matt Ryan,ATL,QB,33,16,16,422,608,4924,35,7,33,125,3.79,3,1,1,5,5,1,354,355,2
Ben Roethlisberger,PIT,QB,36,16,16,452,675,5129,34,16,31,98,3.16,3,1,1,-1,-1,0,341,341.9,3
Deshaun Watson,HOU,QB,23,16,16,345,505,4165,26,9,99,551,5.57,5,0,0,0,,0,332,331.7,4
Andrew Luck,IND,QB,29,16,16,430,639,4593,39,15,46,148,3.22,0,2,1,4,4,0,327,327.9,5
Todd Gurley,LAR,RB,24,14,14,0,0,0,0,0,256,1251,4.89,17,81,59,580,9.83,4,313,372.1,1
Aaron Rodgers,GNB,QB,35,16,16,372,597,4442,25,2,43,269,6.26,2,0,0,0,,0,313,312.6,6
Jared Goff,LAR,QB,24,16,16,364,561,4688,32,12,43,108,2.51,2,0,0,0,,0,310,310.3,7
Drew Brees,NOR,QB,39,15,15,364,489,3992,32,5,31,22,0.71,4,1,1,1,1,0,304,305,8
Russell Wilson,SEA,QB,30,16,16,280,427,3448,35,7,67,376,5.61,0,1,1,-11,-11,0,298,299.4,9
Saquon Barkley,NYG,RB,21,16,16,0,0,0,0,0,261,1307,5.01,11,121,91,721,7.92,4,295,385.8,2
Dak Prescott,DAL,QB,25,16,16,356,526,3885,22,8,75,305,4.07,6,1,0,0,,0,286,285.9,10
Philip Rivers,LAC,QB,37,16,16,347,508,4308,32,12,18,7,0.39,0,0,0,0,,0,285,285,11
Cam Newton,CAR,QB,29,14,14,320,471,3395,24,13,101,488,4.83,4,0,0,0,,0,283,282.6,12
Kirk Cousins,MIN,QB,30,16,16,425,606,4298,30,10,44,123,2.8,1,1,1,-1,-1,0,282,283.1,13
Tom Brady,NWE,QB,41,16,16,375,570,4355,29,11,23,35,1.52,2,1,1,6,6,0,280,281.3,14
Christian McCaffrey,CAR,RB,22,16,16,1,1,50,1,0,219,1098,5.01,7,124,107,867,8.1,6,279,385.5,3
Alvin Kamara,NOR,RB,23,15,13,0,0,0,0,0,194,883,4.55,14,105,81,709,8.75,4,273,354.2,4
Mitchell Trubisky,CHI,QB,24,14,14,289,434,3223,24,12,68,421,6.19,3,0,0,0,,0,263,263,15
Ezekiel Elliott,DAL,RB,23,15,15,0,0,0,0,0,304,1434,4.72,6,95,77,567,7.36,3,252,329.1,5
Tyreek Hill,KAN,WR,24,16,16,0,0,0,0,0,22,151,6.86,1,137,87,1479,17,12,247,334,1
Eli Manning,NYG,QB,37,16,16,380,576,4299,21,11,15,20,1.33,1,0,0,0,,0,240,240,17
Baker Mayfield,CLE,QB,23,14,13,310,486,3725,27,14,39,131,3.36,0,1,0,0,,0,240,240.1,16
Melvin Gordon,LAC,RB,25,12,12,0,0,0,0,0,175,885,5.06,10,66,50,490,9.8,4,226,275.5,6
James Conner,PIT,RB,23,13,12,0,0,0,0,0,215,973,4.53,12,71,55,497,9.04,1,225,280,7
Antonio Brown,PIT,WR,30,15,15,0,1,0,0,0,0,0,,0,168,104,1297,12.47,15,220,323.7,2
Davante Adams,GNB,WR,26,15,15,0,0,0,0,0,0,0,,0,169,111,1386,12.49,13,219,329.6,3
DeAndre Hopkins,HOU,WR,26,16,16,0,1,0,0,0,1,-7,-7,0,163,115,1572,13.67,11,219,333.5,4
Derek Carr,OAK,QB,27,16,16,381,553,4049,19,10,24,47,1.96,1,1,1,-9,-9,0,216,216.8,18
Case Keenum,DEN,QB,30,16,16,365,586,3890,18,15,26,93,3.58,2,0,0,0,,0,215,214.9,19
Julio Jones,ATL,WR,29,16,16,0,0,0,0,0,2,12,6,0,170,113,1677,14.84,8,213,325.9,5
Matthew Stafford,DET,QB,30,16,16,367,555,3777,21,11,25,71,2.84,0,0,0,0,,0,212,212.2,20
Josh Allen,BUF,QB,22,12,11,169,320,2074,10,12,89,631,7.09,8,1,0,0,,0,208,208.1,21
Kareem Hunt,KAN,RB,23,11,11,0,0,0,0,0,181,824,4.55,7,35,26,378,14.54,7,204,230.2,8
Joe Mixon,CIN,RB,22,14,13,0,0,0,0,0,237,1168,4.93,8,55,43,296,6.88,1,200,243.4,9
Mike Evans,TAM,WR,25,16,16,0,0,0,0,0,0,0,,0,138,86,1524,17.72,8,198,284.4,6
David Johnson,ARI,RB,27,16,16,0,0,0,0,0,258,940,3.64,7,76,50,446,8.92,3,197,246.6,10
Jameis Winston,TAM,QB,24,11,9,244,378,2992,19,14,49,281,5.73,1,0,0,0,,0,196,195.8,22
Adam Thielen,MIN,WR,28,16,16,0,0,0,0,0,5,30,6,0,153,113,1373,12.15,9,194,307.3,7
Carson Wentz,PHI,QB,26,11,11,279,401,3074,21,7,34,93,2.74,0,1,1,4,4,0,193,193.7,23
Travis Kelce,KAN,TE,29,16,16,0,0,0,0,0,0,0,,0,150,103,1336,12.97,10,192,294.6,1
Michael Thomas,NOR,WR,25,16,16,0,0,0,0,0,0,0,,0,147,125,1405,11.24,9,191,315.5,8
James White,NWE,RB,26,16,3,0,0,0,0,0,94,425,4.52,5,123,87,751,8.63,7,190,276.6,11
Phillip Lindsay,DEN,RB,24,15,8,0,0,0,0,0,192,1037,5.4,9,47,35,241,6.89,1,188,222.8,12
JuJu Smith-Schuster,PIT,WR,22,16,13,0,0,0,0,0,1,13,13,0,166,111,1426,12.85,7,186,296.9,9
Derrick Henry,TEN,RB,24,16,12,2,3,14,0,0,215,1059,4.93,12,18,15,99,6.6,0,186,201.4,13
Chris Carson,SEA,RB,24,14,14,0,0,0,0,0,247,1151,4.66,9,24,20,163,8.15,0,181,201.4,14
Robert Woods,LAR,WR,26,16,16,0,0,0,0,0,19,157,8.26,1,130,86,1219,14.17,6,180,265.6,10
Nick Chubb,CLE,RB,23,16,9,0,0,0,0,0,192,996,5.19,8,29,20,149,7.45,2,175,194.5,15
Andy Dalton,CIN,QB,31,11,11,226,365,2566,21,11,16,99,6.19,0,0,0,0,,0,175,174.5,25
Marcus Mariota,TEN,QB,25,14,13,228,331,2528,11,8,64,357,5.58,2,1,1,21,21,0,175,175.9,24
Blake Bortles,JAX,QB,26,13,12,243,403,2718,13,11,58,365,6.29,1,0,0,0,,0,173,173.2,26
George Kittle,SFO,TE,25,16,16,0,0,0,0,0,1,10,10,0,136,88,1377,15.65,5,171,258.7,2
Adrian Peterson,WAS,RB,33,16,16,0,0,0,0,0,251,1042,4.15,7,26,20,208,10.4,1,169,189,16
Sam Darnold,NYJ,QB,21,13,13,239,414,2865,17,15,44,138,3.14,1,0,0,0,,0,168,168.4,27
Ryan Fitzpatrick,TAM,QB,36,8,7,164,246,2366,17,12,36,152,4.22,2,0,0,0,,0,166,165.8,28
Tyler Lockett,SEA,WR,26,16,14,0,0,0,0,0,13,69,5.31,0,70,57,965,16.93,10,165,222.4,11
Zach Ertz,PHI,TE,28,16,16,0,0,0,0,0,0,0,,0,156,116,1163,10.03,8,164,280.3,3
Stefon Diggs,MIN,WR,25,15,14,0,0,0,0,0,10,62,6.2,0,149,102,1021,10.01,9,164,266.3,12
Brandin Cooks,LAR,WR,25,16,16,0,0,0,0,0,10,68,6.8,1,117,80,1204,15.05,5,163,243.2,13
Keenan Allen,LAC,WR,26,16,14,0,0,0,0,0,9,75,8.33,0,136,97,1196,12.33,6,163,260.1,14
T.Y. Hilton,IND,WR,29,14,14,0,0,0,0,0,0,0,,0,120,76,1270,16.71,6,163,239,15
Tarik Cohen,CHI,RB,23,16,7,1,1,1,1,0,99,444,4.48,3,91,71,725,10.21,5,163,233.9,17
Tevin Coleman,ATL,RB,25,16,14,0,0,0,0,0,167,800,4.79,4,44,32,276,8.63,5,162,193.6,18
Marlon Mack,IND,RB,22,12,10,0,0,0,0,0,195,908,4.66,9,26,17,103,6.06,1,161,178.1,19
Jordan Howard,CHI,RB,24,16,15,0,0,0,0,0,250,935,3.74,9,26,20,145,7.25,0,160,180,20
Lamar Jackson,BAL,QB,21,16,7,99,170,1201,6,3,147,695,4.73,5,2,0,0,,0,158,157.5,29
Eric Ebron,IND,TE,25,16,8,0,1,0,0,0,3,-8,-2.67,1,110,66,750,11.36,13,156,222.2,4
Odell Beckham,NYG,WR,26,12,12,2,2,106,2,0,5,19,3.8,0,124,77,1052,13.66,6,153,230.3,16
Kenyan Drake,MIA,RB,24,16,7,0,0,0,0,0,120,535,4.46,4,73,53,477,9,5,153,206.2,21
Lamar Miller,HOU,RB,27,14,14,0,0,0,0,0,210,973,4.63,5,35,25,163,6.52,1,148,172.6,22
Tyler Boyd,CIN,WR,24,14,14,0,1,0,0,0,2,3,1.5,0,108,76,1028,13.53,7,145,221.1,17
Aaron Jones,GNB,RB,24,12,8,0,0,0,0,0,133,728,5.47,8,35,26,206,7.92,1,145,171.4,23
Calvin Ridley,ATL,WR,24,16,5,0,0,0,0,0,6,27,4.5,0,92,64,821,12.83,10,143,206.8,18
Ryan Tannehill,MIA,QB,30,11,11,176,274,1979,17,9,32,145,4.53,0,1,1,3,3,1,142,143,30
Amari Cooper,2TM,WR,24,15,15,0,0,0,0,0,2,20,10,0,107,75,1005,13.4,7,141,215.5,19
Alex Smith,WAS,QB,34,10,10,205,328,2180,10,5,41,168,4.1,1,0,0,0,,0,138,138,31
Mike Williams,LAC,WR,24,16,5,0,0,0,0,0,7,28,4,1,66,43,664,15.44,10,137,180.2,20
Kenny Golladay,DET,WR,25,15,13,0,0,0,0,0,1,8,8,0,119,70,1063,15.19,5,137,207.1,21
Joe Flacco,BAL,QB,33,9,9,232,379,2465,12,6,19,45,2.37,0,0,0,0,,0,137,137.1,32
Jarvis Landry,CLE,WR,26,16,14,1,2,63,0,0,3,60,20,1,149,81,976,12.05,4,136,217.1,22
Matt Breida,SFO,RB,23,14,13,0,0,0,0,0,153,814,5.32,3,31,27,261,9.67,2,136,162.5,24
Julian Edelman,NWE,WR,32,12,12,2,2,43,0,0,9,107,11.89,0,108,74,850,11.49,6,133,207.4,23
Sony Michel,NWE,RB,23,13,8,0,0,0,0,0,209,931,4.45,6,11,7,50,7.14,0,132,139.1,25
Peyton Barber,TAM,RB,24,16,16,0,0,0,0,0,234,871,3.72,5,29,20,92,4.6,1,130,150.3,26
Austin Ekeler,LAC,RB,23,14,3,0,0,0,0,0,106,554,5.23,3,53,39,404,10.36,3,130,168.8,27
Emmanuel Sanders,DEN,WR,31,12,12,1,1,28,1,0,4,53,13.25,1,98,71,868,12.23,4,127,198.2,24
Jared Cook,OAK,TE,31,16,14,0,0,0,0,0,0,0,,0,101,68,896,13.18,6,126,193.6,5
Chris Godwin,TAM,WR,22,16,5,0,0,0,0,0,0,0,,0,95,59,842,14.27,7,126,185.2,25
Nick Mullens,SFO,QB,23,8,8,176,274,2277,13,10,18,-16,-0.89,0,0,0,0,,0,123,123.5,33
Mark Ingram,NOR,RB,29,12,6,0,0,0,0,0,138,645,4.67,6,27,21,170,8.1,1,122,142.5,28
Alshon Jeffery,PHI,WR,28,13,13,0,0,0,0,0,0,0,,0,92,65,843,12.97,6,120,185.3,26
Isaiah Crowell,NYJ,RB,25,13,6,0,0,0,0,0,143,685,4.79,6,28,21,152,7.24,0,120,140.7,29
Corey Davis,TEN,WR,23,16,16,0,0,0,0,0,6,55,9.17,0,112,65,891,13.71,4,119,183.6,27
T.J. Yeldon,JAX,RB,25,14,5,0,0,0,0,0,104,414,3.98,1,78,55,487,8.85,4,118,173.1,30
Larry Fitzgerald,ARI,WR,35,16,16,1,1,32,1,0,0,0,,0,112,69,734,10.64,6,117,185.7,28
Sterling Shepard,NYG,WR,25,16,16,0,0,0,0,0,3,33,11,0,107,66,872,13.21,4,117,182.5,29
Mohamed Sanu,ATL,WR,29,16,16,1,2,5,1,0,7,44,6.29,0,94,66,838,12.7,4,116,182.4,30
Dede Westbrook,JAX,WR,25,16,9,0,1,0,0,0,9,98,10.89,0,101,66,717,10.86,5,114,179.5,31
Adam Humphries,TAM,WR,25,16,10,0,0,0,0,0,2,11,5.5,0,105,76,816,10.74,5,113,188.7,32
Josh Rosen,ARI,QB,21,14,13,217,393,2278,11,14,23,138,6,0,0,0,0,,0,113,112.9,34
Dalvin Cook,MIN,RB,23,11,10,0,0,0,0,0,133,615,4.62,2,49,40,305,7.63,2,112,152,31
DeSean Jackson,TAM,WR,32,12,10,0,0,0,0,0,6,29,4.83,1,74,41,774,18.88,4,110,151.3,33
Latavius Murray,MIN,RB,28,16,6,0,0,0,0,0,140,578,4.13,6,26,22,141,6.41,0,110,131.9,32
Zay Jones,BUF,WR,23,16,15,0,1,0,0,0,1,0,0,0,102,56,652,11.64,7,109,165.2,34
Golden Tate,2TM,WR,30,15,8,0,0,0,0,0,4,34,8.5,0,113,74,795,10.74,4,109,182.9,35
Kerryon Johnson,DET,RB,21,10,7,0,0,0,0,0,118,641,5.43,3,39,32,213,6.66,1,107,139.4,33
Robby Anderson,NYJ,WR,25,14,9,0,0,0,0,0,2,-8,-4,0,94,50,752,15.04,6,106,156.4,36
Mike Davis,SEA,RB,25,15,2,0,0,0,0,0,112,514,4.59,4,42,34,214,6.29,1,103,136.8,34
A.J. Green,CIN,WR,30,9,9,0,0,0,0,0,0,0,,0,77,46,694,15.09,6,103,149.4,37
John Brown,BAL,WR,28,16,15,0,0,0,0,0,3,4,1.33,0,97,42,715,17.02,5,102,143.9,39
Dion Lewis,TEN,RB,28,16,7,0,0,0,0,0,155,517,3.34,1,67,59,400,6.78,1,102,160.7,36
Doug Martin,OAK,RB,29,16,9,0,0,0,0,0,172,723,4.2,4,24,18,116,6.44,0,102,119.9,35
D.J. Moore,CAR,WR,21,16,10,0,0,0,0,0,13,172,13.23,0,82,55,788,14.33,2,102,157,38
Nelson Agholor,PHI,WR,25,16,16,1,1,15,0,0,3,32,10.67,0,97,64,736,11.5,4,101,165.4,40
Leonard Fournette,JAX,RB,23,8,8,0,0,0,0,0,133,439,3.3,5,26,22,185,8.41,1,98,120.4,37
Josh Gordon,2TM,WR,27,12,12,0,0,0,0,0,0,0,,0,71,41,737,17.98,4,98,138.7,44
Nyheim Hines,IND,RB,22,16,4,0,0,0,0,0,85,314,3.69,2,81,63,425,6.75,2,98,160.9,38
Allen Robinson,CHI,WR,25,13,12,0,0,0,0,0,1,9,9,0,94,55,754,13.71,4,98,153.3,41
Curtis Samuel,CAR,WR,22,13,8,0,0,0,0,0,8,84,10.5,2,65,39,494,12.67,5,98,136.8,42
Demaryius Thomas,2TM,WR,31,15,15,0,0,0,0,0,0,0,,0,89,59,677,11.47,5,98,156.7,43
Kenny Stills,MIA,WR,26,15,15,1,1,3,1,0,0,0,,0,64,37,553,14.95,6,97,134.4,45
Tyrell Williams,LAC,WR,26,16,10,0,0,0,0,0,2,15,7.5,0,65,41,653,15.93,5,97,137.8,46
Cooper Kupp,LAR,WR,25,8,8,0,0,0,0,0,4,25,6.25,0,55,40,566,14.15,6,95,135.1,47
Alex Collins,BAL,RB,24,10,10,0,0,0,0,0,114,411,3.61,7,21,15,105,7,1,94,108.6,39
Jordy Nelson,OAK,WR,33,15,14,0,0,0,0,0,1,-2,-2,0,88,63,739,11.73,3,94,156.7,49
Courtland Sutton,DEN,WR,23,16,9,0,0,0,0,0,1,-1,-1,0,84,42,704,16.76,4,94,136.3,48
Trey Burton,CHI,TE,27,16,16,0,0,0,0,0,1,2,2,0,76,54,569,10.54,6,93,147.1,6
LeSean McCoy,BUF,RB,30,14,13,0,0,0,0,0,161,514,3.19,3,46,34,238,7,0,93,127.2,40
Austin Hooper,ATL,TE,24,16,7,0,0,0,0,0,0,0,,0,88,71,660,9.3,4,92,163,7
Doug Baldwin,SEA,WR,30,13,13,0,0,0,0,0,0,0,,0,73,50,618,12.36,5,92,141.8,50
Frank Gore,MIA,RB,35,14,14,0,0,0,0,0,156,722,4.63,0,16,12,124,10.33,1,91,102.6,41
Antonio Callaway,CLE,WR,21,16,11,0,0,0,0,0,2,7,3.5,0,79,43,586,13.63,5,89,132.3,51
Jalen Richard,OAK,RB,25,16,1,0,0,0,0,0,55,259,4.71,1,81,68,607,8.93,0,89,156.6,43
Wendell Smallwood,PHI,RB,24,16,6,0,0,0,0,0,87,364,4.18,3,35,28,230,8.21,2,89,117.4,42
David Njoku,CLE,TE,22,16,14,0,0,0,0,0,0,0,,0,88,56,639,11.41,4,88,143.9,8
Gus Edwards,BAL,RB,23,11,6,0,0,0,0,0,137,718,5.24,2,2,2,20,10,0,88,89.8,45
Carlos Hyde,2TM,RB,28,14,7,0,0,0,0,0,172,571,3.32,5,16,10,33,3.3,0,88,98.4,44
Kyle Rudolph,MIN,TE,29,16,16,0,0,0,0,0,0,0,,0,82,64,634,9.91,4,87,151.4,9
O.J. Howard,TAM,TE,24,10,8,0,0,0,0,0,0,0,,0,48,34,565,16.62,5,87,120.5,10
Royce Freeman,DEN,RB,22,14,8,0,0,0,0,0,130,521,4.01,5,20,14,72,5.14,0,87,101.3,47
Anthony Miller,CHI,WR,24,15,4,1,1,8,0,0,6,26,4.33,0,54,33,423,12.82,7,87,120.2,52
Jamaal Williams,GNB,RB,23,16,8,0,0,0,0,0,121,464,3.83,3,41,27,210,7.78,0,87,114.4,46
Cole Beasley,DAL,WR,29,16,4,0,1,0,0,0,0,0,,0,87,65,672,10.34,3,85,150.2,53
Jeff Driskel,CIN,QB,25,9,5,105,176,1003,6,2,25,130,5.2,2,0,0,0,,0,85,85.1,35
Taylor Gabriel,CHI,WR,27,16,11,0,0,0,0,0,9,61,6.78,0,93,67,688,10.27,2,85,151.9,54
Duke Johnson,CLE,RB,25,16,2,0,0,0,0,0,40,201,5.03,0,62,47,429,9.13,3,85,132,48
Rob Gronkowski,NWE,TE,29,13,11,0,0,0,0,0,0,0,,0,72,47,682,14.51,3,84,131.2,11
Vance McDonald,PIT,TE,28,15,14,0,0,0,0,0,0,0,,0,72,50,610,12.2,4,83,133,12
Donte Moncrief,JAX,WR,25,16,14,0,0,0,0,0,0,0,,0,89,48,668,13.92,3,83,130.8,55
Evan Engram,NYG,TE,24,11,8,0,0,0,0,0,3,36,12,0,64,45,577,12.82,3,81,126.3,13
Marvin Jones,DET,WR,28,9,9,0,0,0,0,0,0,0,,0,62,35,508,14.51,5,81,115.8,56
Christian Kirk,ARI,WR,22,12,7,0,0,0,0,0,3,35,11.67,0,68,43,590,13.72,3,81,123.5,57
Michael Crabtree,BAL,WR,31,16,16,0,0,0,0,0,0,0,,0,100,54,607,11.24,3,79,132.7,60
Devin Funchess,CAR,WR,24,14,12,0,0,0,0,0,0,0,,0,79,44,549,12.48,4,79,122.9,59
Rashard Higgins,CLE,WR,24,13,1,0,0,0,0,0,0,0,,0,53,39,572,14.67,4,79,118.2,58
LeGarrette Blount,DET,RB,32,16,8,0,0,0,0,0,154,418,2.71,5,15,10,67,6.7,0,77,86.5,50
Alfred Blue,HOU,RB,27,16,2,0,0,0,0,0,150,499,3.33,2,27,20,154,7.7,0,77,97.3,49
Dante Pettis,SFO,WR,23,12,7,0,0,0,0,0,1,-2,-2,0,45,27,467,17.3,5,77,103.5,61
Jimmy Graham,GNB,TE,32,16,12,0,0,0,0,0,0,0,,0,89,55,636,11.56,2,76,130.6,14
Cordarrelle Patterson,NWE,WR,27,15,5,0,0,0,0,0,42,228,5.43,1,28,21,247,11.76,3,76,96.5,62
Damien Williams,KAN,RB,26,16,3,0,0,0,0,0,50,256,5.12,4,24,23,160,6.96,2,76,98.6,51
Josh Adams,PHI,RB,22,14,5,0,0,0,0,0,120,511,4.26,3,13,7,58,8.29,0,75,81.9,52
C.J. Beathard,SFO,QB,25,6,5,102,169,1252,8,7,19,69,3.63,1,0,0,0,,0,75,75,37
Nick Foles,PHI,QB,29,5,5,141,195,1413,7,4,9,17,1.89,0,1,1,10,10,0,75,76.2,36
David Moore,SEA,WR,23,16,7,0,0,0,0,0,1,5,5,0,53,26,445,17.12,5,75,101,64
Sammy Watkins,KAN,WR,25,10,9,0,0,0,0,0,5,52,10.4,0,55,40,519,12.98,3,75,115.1,63
Will Fuller,HOU,WR,24,7,7,0,0,0,0,0,0,0,,0,45,32,503,15.72,4,74,106.3,65
Chris Herndon,NYJ,TE,22,16,12,0,0,0,0,0,0,0,,0,56,39,502,12.87,4,74,113.2,15
Mark Andrews,BAL,TE,22,16,3,0,0,0,0,0,0,0,,0,50,34,552,16.24,3,73,107.2,16
Kendrick Bourne,SFO,WR,23,16,8,0,0,0,0,0,0,0,,0,66,42,487,11.6,4,73,114.7,68
Tre'Quan Smith,NOR,WR,22,15,7,0,0,0,0,0,0,0,,0,44,28,427,15.25,5,73,100.7,67
Marquez Valdes-Scantling,GNB,WR,24,16,10,0,0,0,0,0,2,29,14.5,0,73,38,581,15.29,2,73,111,66
Robert Foster,BUF,WR,24,13,3,0,0,0,0,0,0,0,,0,44,27,541,20.04,3,72,99.1,70
Willie Snead,BAL,WR,26,16,10,0,0,0,0,0,1,13,13,0,95,62,651,10.5,1,72,134.4,69
Chris Hogan,NWE,WR,30,16,7,0,0,0,0,0,0,0,,0,55,35,532,15.2,3,71,106.2,71
Josh Reynolds,LAR,WR,23,16,8,0,0,0,0,0,2,8,4,0,53,29,402,13.86,5,71,100,72
Ito Smith,ATL,RB,23,14,0,0,0,0,0,0,90,315,3.5,4,32,27,152,5.63,0,71,97.7,53
Albert Wilson,MIA,WR,26,7,3,1,1,52,1,0,8,16,2,0,35,26,391,15.04,4,71,96.8,73
Danny Amendola,MIA,WR,33,15,15,1,1,28,1,0,1,-2,-2,0,79,59,575,9.75,1,68,127.4,74
Brock Osweiler,MIA,QB,28,7,5,113,178,1247,6,4,8,21,2.63,0,0,0,0,,0,68,68,38
Elijah McGuire,NYJ,RB,24,8,3,0,0,0,0,0,92,276,3,3,31,19,193,10.16,1,67,85.9,54
Jordan Reed,WAS,TE,28,13,8,0,0,0,0,0,0,0,,0,84,54,558,10.33,2,66,119.8,17
Josh Doctson,WAS,WR,26,15,12,0,0,0,0,0,0,0,,0,78,44,532,12.09,2,65,109.2,75
Michael Gallup,DAL,WR,22,16,8,0,0,0,0,0,0,0,,0,68,33,507,15.36,2,65,97.7,76
Chris Ivory,BUF,RB,30,13,1,0,0,0,0,0,115,385,3.35,1,21,13,205,15.77,0,65,78,55
Marquise Goodwin,SFO,WR,28,11,8,0,0,0,0,0,4,9,2.25,0,43,23,395,17.17,4,64,87.4,77
Marshawn Lynch,OAK,RB,32,6,6,0,0,0,0,0,90,376,4.18,3,20,15,84,5.6,0,64,79,56
Chester Rogers,IND,WR,24,16,10,0,0,0,0,0,1,-4,-4,0,72,53,485,9.15,2,64,117.1,78
John Ross,CIN,WR,24,13,10,0,0,0,0,0,4,9,2.25,0,58,21,210,10,7,64,84.9,79
Jaylen Samuels,PIT,RB,22,14,3,0,0,0,0,0,56,256,4.57,0,29,26,199,7.65,3,64,89.5,57
Cameron Brate,TAM,TE,27,16,2,0,0,0,0,0,0,0,,0,49,30,289,9.63,6,63,92.9,18
C.J. Anderson,2TM,RB,27,11,3,0,0,0,0,0,67,403,6.01,2,9,5,41,8.2,1,62,67.4,58
Seth Roberts,OAK,WR,27,15,7,0,0,0,0,0,3,5,1.67,0,64,45,494,10.98,2,62,106.9,80
C.J. Uzomah,CIN,TE,25,16,15,0,0,0,0,0,0,0,,0,64,43,439,10.21,3,62,104.9,19
Giovani Bernard,CIN,RB,27,12,4,0,0,0,0,0,56,211,3.77,3,48,35,218,6.23,0,61,95.9,60
Rashaad Penny,SEA,RB,22,14,0,0,0,0,0,0,85,419,4.93,2,12,9,75,8.33,0,61,70.4,59
Alfred Morris,SFO,RB,30,12,1,0,0,0,0,0,111,428,3.86,2,13,8,73,9.13,0,60,68.1,61
Javorius Allen,BAL,RB,27,14,0,0,0,0,0,0,41,110,2.68,3,43,35,196,5.6,2,59,93.6,64
Corey Clement,PHI,RB,24,11,0,0,0,0,0,0,68,259,3.81,2,25,22,192,8.73,0,59,81.1,62
Chris Conley,KAN,WR,26,16,13,0,0,0,0,0,0,0,,0,52,32,334,10.44,5,59,91.4,81
Spencer Ware,KAN,RB,27,13,2,0,0,0,0,0,51,246,4.82,2,23,20,224,11.2,0,59,79,63
Dallas Goedert,PHI,TE,23,16,8,0,0,0,0,0,0,0,,0,44,33,334,10.12,4,57,90.4,20
Theo Riddick,DET,RB,27,14,3,0,0,0,0,0,40,171,4.28,0,74,61,384,6.3,0,56,116.5,65
Jarius Wright,CAR,WR,29,16,6,0,0,0,0,0,2,39,19.5,0,59,43,447,10.4,1,55,97.6,82
Jamison Crowder,WAS,WR,25,9,7,0,0,0,0,0,4,30,7.5,0,49,29,388,13.38,2,54,82.8,83
Gerald Everett,LAR,TE,24,16,0,0,0,0,0,0,2,16,8,0,50,33,320,9.7,3,54,86.6,22
Jesse James,PIT,TE,24,16,7,0,0,0,0,0,0,0,,0,39,30,423,14.1,2,54,84.3,21
Greg Olsen,CAR,TE,33,9,9,0,0,0,0,0,0,0,,0,38,27,291,10.78,4,53,80.1,23
Aldrick Robinson,MIN,WR,30,14,0,0,0,0,0,0,0,0,,0,35,17,231,13.59,5,53,70.1,84
Demarcus Robinson,KAN,WR,24,16,5,0,0,0,0,0,0,0,,0,33,22,288,13.09,4,53,74.8,85
Ben Watson,NOR,TE,38,16,4,0,0,0,0,0,0,0,,0,46,35,400,11.43,2,52,87,24
Keelan Cole,JAX,WR,25,16,11,0,0,0,0,0,0,0,,0,70,38,491,12.92,1,51,89.1,87
Vernon Davis,WAS,TE,34,14,8,0,0,0,0,0,0,0,,0,36,25,367,14.68,2,51,75.7,25
Jakeem Grant,MIA,WR,26,10,2,0,0,0,0,0,1,5,5,0,34,21,268,12.76,2,51,72.3,86
Taywan Taylor,TEN,WR,23,13,5,0,0,0,0,0,0,0,,0,56,37,466,12.59,1,51,87.6,88
Chris Thompson,WAS,RB,28,10,0,0,0,0,0,0,43,178,4.14,0,55,41,268,6.54,1,51,91.6,66
Devontae Booker,DEN,RB,26,16,0,0,0,0,0,0,34,183,5.38,1,51,38,275,7.24,0,50,87.8,68
Phillip Dorsett,NWE,WR,25,16,2,0,0,0,0,0,4,29,7.25,0,42,32,290,9.06,3,50,81.9,89
Josh Johnson,WAS,QB,32,4,3,52,91,590,3,4,23,120,5.22,1,0,0,0,,0,50,49.6,39
Zach Zenner,DET,RB,27,8,1,0,0,0,0,0,55,265,4.82,3,10,7,56,8,0,50,57.1,67
Quincy Enunwa,NYJ,WR,26,11,10,0,0,0,0,0,1,0,0,0,68,38,449,11.82,1,49,86.9,90
Blake Jarwin,DAL,TE,24,16,4,0,0,0,0,0,0,0,,0,36,27,307,11.37,3,49,75.7,26
Bilal Powell,NYJ,RB,30,7,7,0,0,0,0,0,80,343,4.29,0,18,11,110,10,1,49,60.3,69
Randall Cobb,GNB,WR,28,9,6,0,0,0,0,0,0,0,,0,61,38,383,10.08,2,48,86.3,92
Kenneth Dixon,BAL,RB,24,6,0,0,0,0,0,0,60,333,5.55,2,7,6,51,8.5,0,48,54.4,70
Jimmy Garoppolo,SFO,QB,27,3,3,53,89,718,5,3,8,33,4.13,0,0,0,0,,0,48,48,40
Dontrelle Inman,IND,WR,29,9,4,0,0,0,0,0,0,0,,0,39,28,304,10.86,3,48,76.4,91
Jaron Brown,SEA,WR,28,16,2,0,0,0,0,0,0,0,,0,19,14,166,11.86,5,47,60.6,93
Antonio Gates,LAC,TE,38,16,1,0,0,0,0,0,0,0,,0,45,28,333,11.89,2,47,75.3,27
Kapri Bibbs,2TM,RB,25,12,0,0,0,0,0,0,21,103,4.9,3,23,16,115,7.19,1,46,61.8,73
Justin Jackson,LAC,RB,23,13,1,0,0,0,0,0,50,206,4.12,2,19,15,135,9,0,46,61.1,71
Ty Montgomery,2TM,WR,25,13,0,0,0,0,0,0,41,188,4.59,1,40,25,235,9.4,0,46,71.3,94
Breshad Perriman,CLE,WR,25,10,2,0,0,0,0,0,4,2,0.5,0,25,16,340,21.25,2,46,62.2,95
Darren Sproles,PHI,RB,35,6,2,0,0,0,0,0,29,120,4.14,1,23,15,160,10.67,2,46,61,72
Jordan Thomas,HOU,TE,22,16,10,0,0,0,0,0,0,0,,0,27,20,215,10.75,4,46,65.5,28
Jacquizz Rodgers,TAM,RB,28,16,0,0,0,0,0,0,33,106,3.21,1,45,38,304,8,0,45,83,74
Tajae Sharpe,TEN,WR,24,16,13,0,0,0,0,0,1,16,16,0,47,26,316,12.15,2,45,71.2,96
Ian Thomas,CAR,TE,22,16,6,0,0,0,0,0,0,0,,0,49,36,333,9.25,2,45,81.3,29
Nick Vannett,SEA,TE,25,15,9,0,0,0,0,0,0,0,,0,43,29,269,9.28,3,45,73.9,30
Kelvin Benjamin,2TM,WR,27,15,10,0,0,0,0,0,0,0,,0,67,25,380,15.2,1,44,69,97
Jonnu Smith,TEN,TE,23,13,12,0,0,0,0,0,0,0,,0,30,20,258,12.9,3,44,63.8,31
Jordan Wilkins,IND,RB,24,16,3,0,0,0,0,0,60,336,5.6,1,17,16,85,5.31,0,44,60.1,75
Chase Edmonds,ARI,RB,22,16,0,0,0,0,0,0,60,208,3.47,2,23,20,103,5.15,0,43,63.1,76
Jermaine Kearse,NYJ,WR,28,14,9,0,0,0,0,0,0,0,,0,76,37,371,10.03,1,43,80.1,98
Geronimo Allison,GNB,WR,24,5,4,0,0,0,0,0,0,0,,0,30,20,303,15.15,2,42,62.3,99
Allen Hurns,DAL,WR,27,16,7,0,0,0,0,0,0,0,,0,35,20,295,14.75,2,42,61.5,101
Jordan Matthews,PHI,WR,26,14,3,0,0,0,0,0,0,0,,0,28,20,300,15,2,42,62,100
Tyler Higbee,LAR,TE,25,16,16,0,0,0,0,0,0,0,,0,34,24,292,12.17,2,41,65.2,32
Tyrod Taylor,CLE,QB,29,4,3,42,85,473,2,2,16,125,7.81,1,0,0,0,,0,41,41.4,41
Jeff Heuerman,DEN,TE,26,11,10,0,0,0,0,0,0,0,,0,48,31,281,9.06,2,40,71.1,34
Zach Pascal,IND,WR,24,16,4,0,0,0,0,0,2,10,5,0,46,27,268,9.93,2,40,66.8,102
Ricky Seals-Jones,ARI,TE,23,15,5,0,0,0,0,0,0,0,,0,69,34,343,10.09,1,40,74.3,33
Ryan Grant,IND,WR,28,14,10,0,0,0,0,0,0,0,,0,52,35,334,9.54,1,39,74.4,103
Cody Kessler,JAX,QB,25,5,4,85,131,709,2,2,19,123,6.47,0,0,0,0,,0,39,38.7,42
Paul Richardson,WAS,WR,26,7,4,0,0,0,0,0,2,9,4.5,0,35,20,262,13.1,2,39,59.1,104
Jay Ajayi,PHI,RB,25,4,3,0,0,0,0,0,45,184,4.09,3,6,5,20,4,0,38,43.4,77
Kyle Juszczyk,SFO,RB,27,16,14,0,0,0,0,0,8,30,3.75,0,41,30,324,10.8,1,37,67.4,78
DeVante Parker,MIA,WR,25,11,7,0,0,0,0,0,0,0,,0,47,24,309,12.88,1,37,60.9,107
Tim Patrick,DEN,WR,25,16,4,0,0,0,0,0,3,17,5.67,0,41,23,315,13.7,1,37,60.2,105
Terrelle Pryor,2TM,WR,29,8,1,0,0,0,0,0,1,-1,-1,0,30,16,252,15.75,2,37,53.1,106
Rex Burkhead,NWE,RB,28,8,4,0,0,0,0,0,57,186,3.26,0,20,14,131,9.36,1,36,49.7,79
Ted Ginn,NOR,WR,33,5,3,0,0,0,0,0,3,26,8.67,0,30,17,209,12.29,2,36,52.5,110
DaeSean Hamilton,DEN,WR,23,14,5,0,0,0,0,0,0,0,,0,45,30,243,8.1,2,36,66.3,108
Laquon Treadwell,MIN,WR,23,15,7,0,0,0,0,0,0,0,,0,53,35,302,8.63,1,36,71.2,109
Keke Coutee,HOU,WR,21,6,2,0,0,0,0,0,3,0,0,0,41,28,287,10.25,1,35,62.7,111
Jack Doyle,IND,TE,28,6,6,0,0,0,0,0,0,0,,0,33,26,245,9.42,2,35,60.5,36
Rhett Ellison,NYG,TE,30,14,12,0,0,0,0,0,0,0,,0,34,25,272,10.88,1,35,60.2,35
Pierre Garcon,SFO,WR,32,8,8,0,0,0,0,0,0,0,,0,46,24,286,11.92,1,35,58.6,112
Isaiah McKenzie,2TM,WR,23,8,1,0,0,0,0,0,10,66,6.6,2,30,18,179,9.94,0,35,52.5,113
Malcolm Brown,LAR,RB,25,12,0,0,0,0,0,0,43,212,4.93,0,7,5,52,10.4,1,34,39.4,80
Demetrius Harris,KAN,TE,27,15,3,0,0,0,0,0,0,0,,0,25,12,164,13.67,3,34,46.4,37
Ed Dickson,SEA,TE,31,10,1,0,0,0,0,0,1,9,9,0,13,12,143,11.92,3,33,45.2,38
Blaine Gabbert,TEN,QB,29,8,3,61,101,626,4,4,6,0,0,0,0,0,0,,0,33,33,43
Keith Kirkwood,NOR,WR,25,8,1,0,0,0,0,0,0,0,,0,21,13,209,16.08,2,33,45.9,117
Raheem Mostert,SFO,RB,26,9,0,0,0,0,0,0,34,261,7.68,1,7,6,25,4.17,0,33,38.6,81
Torrey Smith,CAR,WR,29,11,6,0,0,0,0,0,0,0,,0,31,17,190,11.18,2,33,50,116
Equanimeous St. Brown,GNB,WR,22,12,7,0,0,0,0,0,1,5,5,0,36,21,328,15.62,0,33,54.3,115
Ryan Switzer,PIT,WR,24,16,1,0,0,0,0,0,6,21,3.5,0,44,36,253,7.03,1,33,69.4,114
Tavon Austin,DAL,WR,28,7,0,0,0,0,0,0,6,55,9.17,0,13,8,140,17.5,2,32,39.5,118
Trenton Cannon,NYJ,RB,24,16,0,0,0,0,0,0,38,113,2.97,1,25,17,144,8.47,0,32,48.7,83
Levine Toilolo,DET,TE,27,16,10,0,0,0,0,0,0,0,,0,24,21,263,12.52,1,32,53.3,39
Jeff Wilson,SFO,RB,23,6,2,0,0,0,0,0,66,266,4.03,0,15,12,98,8.17,0,32,44.4,82
James Develin,NWE,RB,30,16,8,0,0,0,0,0,6,8,1.33,4,17,12,61,5.08,0,31,42.9,84
Wayne Gallman,NYG,RB,24,15,2,0,0,0,0,0,51,176,3.45,1,22,14,89,6.36,0,31,44.5,85
Ryan Griffin,HOU,TE,28,14,11,0,0,0,0,0,0,0,,0,43,24,305,12.71,0,31,54.5,41
Maurice Harris,WAS,WR,26,12,7,0,0,0,0,0,2,10,5,0,47,28,304,10.86,0,31,59.4,119
Taysom Hill,NOR,QB,28,16,4,3,7,64,0,1,37,196,5.3,2,7,3,4,1.33,0,31,33.6,44
T.J. Jones,DET,WR,26,15,3,0,0,0,0,0,0,0,,0,26,19,190,10,2,31,50,120
Matt LaCosse,DEN,TE,26,15,5,0,0,0,0,0,0,0,,0,37,24,250,10.42,1,31,55,40
Russell Shepard,NYG,WR,28,12,0,0,0,0,0,0,0,0,,0,19,10,188,18.8,2,31,40.8,121
Chase Daniel,CHI,QB,32,5,2,53,76,515,3,2,13,3,0.23,0,1,1,8,8,0,30,30.7,45
Darren Fells,CLE,TE,32,16,11,0,0,0,0,0,0,0,,0,12,11,117,10.64,3,30,40.7,43
Geoff Swaim,DAL,TE,25,9,9,0,0,0,0,0,0,0,,0,32,26,242,9.31,1,30,56.2,42
Trent Taylor,SFO,WR,24,14,0,0,0,0,0,0,0,0,,0,41,26,215,8.27,1,30,55.5,122
Kalen Ballage,MIA,RB,23,12,0,0,0,0,0,0,36,191,5.31,1,11,9,56,6.22,0,29,37.7,86
Travis Benjamin,LAC,WR,29,12,3,0,0,0,0,0,7,41,5.86,0,24,12,186,15.5,1,29,40.7,123
Bruce Ellington,2TM,WR,27,7,3,0,1,0,0,0,1,2,2,0,42,31,224,7.23,1,29,59.6,124
Anthony Firkser,TEN,TE,23,12,0,0,0,0,0,0,0,0,,0,20,19,225,11.84,1,29,47.5,45
Luke Stocker,TEN,TE,30,16,11,0,0,0,0,0,1,0,0,0,21,15,165,11,2,29,43.5,44
Jason Croom,BUF,TE,24,15,3,0,0,0,0,0,0,0,,0,35,22,259,11.77,1,28,49.9,47
Will Dissly,SEA,TE,22,4,4,0,0,0,0,0,0,0,,0,14,8,156,19.5,2,28,35.6,48
Marcus Murphy,BUF,RB,27,11,1,0,0,0,0,0,52,250,4.81,0,19,11,26,2.36,0,28,38.6,87
Michael Roberts,DET,TE,24,8,2,0,0,0,0,0,0,0,,0,20,9,100,11.11,3,28,37,46
James Washington,PIT,WR,22,14,6,0,0,0,0,0,0,0,,0,38,16,217,13.56,1,28,43.7,125
Kyle Allen,CAR,QB,22,2,1,20,31,266,2,0,5,19,3.8,1,0,0,0,,0,27,26.5,47
Martavis Bryant,OAK,WR,27,8,2,0,0,0,0,0,3,23,7.67,0,27,19,266,14,0,27,45.9,128
Virgil Green,LAC,TE,30,16,16,0,0,0,0,0,0,0,,0,27,19,210,11.05,1,27,46,49
Colt McCoy,WAS,QB,32,3,2,34,54,372,3,3,10,63,6.3,0,0,0,0,,0,27,27.2,46
Chris Moore,BAL,WR,25,16,0,0,0,0,0,0,5,17,3.4,0,25,19,196,10.32,1,27,46.3,126
Trent Sherfield,ARI,WR,22,13,2,0,0,0,0,0,0,0,,0,28,19,210,11.05,1,27,46,127
Erik Swoope,IND,TE,26,7,2,0,0,0,0,0,0,0,,0,10,8,87,10.88,3,27,34.7,50
Brandon Bolden,MIA,RB,28,16,0,0,0,0,0,0,8,91,11.38,2,3,3,13,4.33,1,26,29.4,88
Bennie Fowler,NYG,WR,27,10,5,0,0,0,0,0,0,0,,0,27,16,199,12.44,1,26,41.9,130
Brandon LaFell,OAK,WR,32,6,5,0,0,0,0,0,0,0,,0,16,12,135,11.25,2,26,37.5,131
Andre Roberts,NYJ,WR,30,16,1,0,0,0,0,0,2,20,10,0,17,10,79,7.9,1,26,35.9,129
Mo Alie-Cox,IND,TE,25,9,1,0,0,0,0,0,0,0,,0,13,7,133,19,2,25,32.3,52
Justin Hardy,ATL,WR,27,16,0,0,0,0,0,0,0,0,,0,22,14,133,9.5,2,25,39.3,132
Josh Hill,NOR,TE,28,16,11,0,0,0,0,0,0,0,,0,24,16,185,11.56,1,25,40.5,53
Cody Latimer,NYG,WR,26,6,2,0,0,0,0,0,0,0,,0,16,11,190,17.27,1,25,36,133
Lee Smith,OAK,TE,31,16,4,0,0,0,0,0,0,0,,0,11,10,73,7.3,3,25,35.3,51
Rod Smith,DAL,RB,26,16,1,0,0,0,0,0,44,127,2.89,1,12,9,60,6.67,0,25,33.7,89
Cody Core,CIN,WR,24,14,3,0,0,0,0,0,0,0,,0,28,13,160,12.31,1,24,37,134
Tyler Eifert,CIN,TE,28,4,2,0,0,0,0,0,0,0,,0,19,15,179,11.93,1,24,38.9,54
Chad Williams,ARI,WR,24,10,7,0,0,0,0,0,1,9,9,0,46,17,171,10.06,1,24,41,135
Jordan Akins,HOU,TE,26,16,6,0,0,0,0,0,0,0,,0,25,17,225,13.24,0,23,39.5,56
Richie James,SFO,WR,23,13,2,0,0,0,0,0,0,0,,0,14,9,130,14.44,1,23,32,136
Lance Kendricks,GNB,TE,30,16,3,0,0,0,0,0,0,0,,0,25,19,170,8.95,1,23,42,55
Austin Carr,NOR,WR,25,14,2,0,0,0,0,0,0,0,,0,14,9,97,10.78,2,22,30.7,137
Hayden Hurst,BAL,TE,25,12,0,0,0,0,0,0,1,0,0,0,23,13,163,12.54,1,22,35.3,57
Dan Arnold,NOR,TE,23,10,1,0,0,0,0,0,0,0,,0,19,12,150,12.5,1,21,33,62
Marcell Ateman,OAK,WR,24,7,6,0,0,0,0,0,0,0,,0,31,15,154,10.27,1,21,36.4,138
Nick Boyle,BAL,TE,25,16,13,0,0,0,0,0,0,0,,0,37,23,213,9.26,0,21,44.3,59
Garrett Celek,SFO,TE,30,15,1,0,0,0,0,0,0,0,,0,8,5,90,18,2,21,26,61
Marvin Hall,ATL,WR,25,16,0,0,0,0,0,0,2,0,0,0,19,10,149,14.9,1,21,30.9,139
Josh McCown,NYJ,QB,39,4,3,60,110,539,1,4,5,32,6.4,0,0,0,0,,0,21,20.8,48
James O'Shaughnessy,JAX,TE,26,14,9,0,0,0,0,0,0,0,,0,38,24,214,8.92,0,21,45.4,58
Maxx Williams,BAL,TE,24,13,6,0,0,0,0,0,3,8,2.67,0,17,16,143,8.94,1,21,37.1,60
Josh Bellamy,CHI,WR,29,16,2,0,0,0,0,0,0,0,,0,25,14,117,8.36,1,20,33.7,141
DeAndre Carter,2TM,WR,25,14,4,0,0,0,0,0,1,7,7,0,25,22,216,9.82,0,20,42.3,140
Brandon Marshall,SEA,WR,34,7,2,0,0,0,0,0,0,0,,0,23,11,136,12.36,1,20,30.6,142
Michael Floyd,WAS,WR,29,13,3,0,0,0,0,0,0,0,,0,24,10,100,10,1,18,28,143
Mike Gesicki,MIA,TE,23,16,7,0,0,0,0,0,0,0,,0,32,22,202,9.18,0,18,40.2,63
Andy Janovich,DEN,RB,25,16,7,0,0,0,0,0,2,5,2.5,0,10,8,112,14,1,18,25.7,90
Zach Line,NOR,RB,28,16,6,0,0,0,0,0,9,41,4.56,0,10,5,14,2.8,2,18,22.5,91
Matt Barkley,BUF,QB,28,1,1,15,25,232,2,0,3,-2,-0.67,0,0,0,0,,0,17,17.1,49
Leonte Carroo,MIA,WR,24,9,0,0,0,0,0,0,1,14,14,0,4,2,94,47,1,17,18.8,146
Alex Erickson,CIN,WR,26,16,6,0,0,0,0,0,3,22,7.33,0,29,20,167,8.35,0,17,36.9,145
Darius Jennings,TEN,WR,26,16,0,1,1,21,0,0,1,2,2,0,15,11,101,9.18,0,17,28.1,144
Jordan Leggett,NYJ,TE,23,15,4,0,0,0,0,0,0,0,,0,24,14,114,8.14,1,17,31.4,64
Charles Clay,BUF,TE,29,13,12,0,0,0,0,0,0,0,,0,36,21,184,8.76,0,16,37.4,65
Andre Holmes,2TM,WR,30,15,3,0,0,0,0,0,0,0,,0,24,13,162,12.46,0,16,29.2,148
Marcus Johnson,IND,WR,24,5,0,0,0,0,0,0,1,-2,-2,0,8,6,102,17,1,16,22,150
Jake Kumerow,GNB,WR,26,5,2,0,0,0,0,0,0,0,,0,11,8,103,12.88,1,16,24.3,147
MyCole Pruitt,TEN,TE,26,15,1,0,0,0,0,0,0,0,,0,11,9,102,11.33,1,16,25.2,66
Anthony Sherman,KAN,RB,30,16,1,0,0,0,0,0,1,2,2,0,9,8,96,12,1,16,23.8,92
Deonte Thompson,2TM,WR,29,13,6,0,0,0,0,0,0,0,,0,30,17,161,9.47,0,16,33.1,149
DJ Chark,JAX,WR,22,11,0,0,0,0,0,0,0,0,,0,32,14,174,12.43,0,15,29.4,152
Brian Hill,ATL,RB,23,10,0,0,0,0,0,0,20,157,7.85,0,2,1,9,9,0,15,15.6,95
Cameron Meredith,NOR,WR,26,6,1,0,0,0,0,0,0,0,,0,10,9,114,12.67,1,15,24.4,151
Taquan Mizzell,CHI,RB,25,9,1,0,0,0,0,0,9,16,1.78,0,10,8,78,9.75,1,15,23.4,93
Nick O'Leary,MIA,TE,26,12,7,0,0,0,0,0,0,0,,0,10,8,86,10.75,1,15,22.6,70
Logan Paulsen,ATL,TE,31,15,10,0,0,0,0,0,0,0,,0,9,9,91,10.11,1,15,24.1,67
Austin Seferian-Jenkins,JAX,TE,26,5,5,0,0,0,0,0,0,0,,0,19,11,90,8.18,1,15,26,68
Scott Simonson,NYG,TE,26,16,4,0,0,0,0,0,0,0,,0,14,9,86,9.56,1,15,23.6,69
Vyncint Smith,HOU,WR,22,7,1,0,0,0,0,0,0,0,,0,10,5,91,18.2,1,15,20.1,153
Dwayne Washington,NOR,RB,24,13,0,0,0,0,0,0,27,154,5.7,0,0,0,0,,0,15,15.4,94
Alex Armah,CAR,RB,24,16,2,0,0,0,0,0,9,15,1.67,2,1,1,5,5,0,14,15,97
Cameron Artis-Payne,CAR,RB,28,9,0,0,0,0,0,0,19,69,3.63,1,4,3,15,5,0,14,17.4,96
Deontay Burnett,NYJ,WR,21,5,1,0,0,0,0,0,0,0,,0,15,10,143,14.3,0,14,24.3,155
Taylor Heinicke,CAR,QB,25,6,1,35,57,320,1,3,5,31,6.2,0,0,0,0,,0,14,13.9,50
Andy Jones,DET,WR,24,8,3,0,0,0,0,0,0,0,,0,24,11,80,7.27,1,14,25,156
Ronald Jones,TAM,RB,21,9,0,0,0,0,0,0,23,44,1.91,1,9,7,33,4.71,0,14,20.7,98
Trey Quinn,WAS,WR,23,3,2,0,0,0,0,0,1,0,0,0,10,9,75,8.33,1,14,22.5,157
Damion Ratley,CLE,WR,23,13,3,0,0,0,0,0,0,0,,0,20,13,144,11.08,0,14,27.4,154
Robert Tonyan,GNB,TE,24,16,1,0,0,0,0,0,0,0,,0,6,4,77,19.25,1,14,17.7,71
Sam Bradford,ARI,QB,31,3,3,50,80,400,2,4,2,7,3.5,0,0,0,0,,0,13,12.7,52
Derek Carrier,OAK,TE,28,16,2,0,0,0,0,0,0,0,,0,12,7,67,9.57,1,13,19.7,74
Seth Devalve,CLE,TE,25,13,4,0,0,0,0,0,0,0,,0,7,5,74,14.8,1,13,18.4,72
Nathan Peterman,BUF,QB,24,4,2,44,81,296,1,7,10,50,5,1,0,0,0,,0,13,12.8,51
Brandon Powell,DET,WR,22,6,1,0,0,0,0,0,1,4,4,0,17,11,129,11.73,0,13,24.3,158
Adam Shaheen,CHI,TE,24,6,4,0,0,0,0,0,0,0,,0,6,5,48,9.6,1,13,17.8,73
Darrel Williams,KAN,RB,23,6,0,0,0,0,0,0,13,44,3.38,0,3,3,27,9,1,13,16.1,99
Brice Butler,2TM,WR,28,8,1,0,0,0,0,0,0,0,,0,10,6,60,10,1,12,18,159
Stevan Ridley,PIT,RB,29,10,0,0,0,0,0,0,29,80,2.76,1,4,3,18,6,0,12,14.8,100
Dalton Schultz,DAL,TE,22,11,7,0,0,0,0,0,0,0,,0,17,12,116,9.67,0,12,23.6,75
A.J. Derby,MIA,TE,27,4,0,0,0,0,0,0,0,0,,0,5,3,48,16,1,11,13.8,77
Mike Glennon,ARI,QB,29,2,0,15,21,174,1,0,0,0,,0,0,0,0,,0,11,11,53
Corey Grant,JAX,RB,27,5,1,0,0,0,0,0,13,40,3.08,0,12,9,67,7.44,0,11,19.7,101
Dwayne Harris,OAK,WR,31,15,1,0,0,0,0,0,2,12,6,0,6,6,40,6.67,0,11,17.2,160
Tommylee Lewis,NOR,WR,26,7,3,0,0,0,0,0,2,10,5,0,3,3,60,20,1,11,14,161
Chris Manhertz,CAR,TE,26,16,4,0,0,0,0,0,0,0,,0,5,2,52,26,1,11,13.2,76
Keith Ford,BUF,RB,24,2,1,0,0,0,0,0,21,79,3.76,0,5,3,21,7,0,10,13,104
John Kelly,LAR,RB,22,4,0,0,0,0,0,0,27,74,2.74,0,3,2,27,13.5,0,10,12.1,103
Niles Paul,JAX,TE,29,6,1,0,0,0,0,0,1,-3,-3,0,13,10,98,9.8,0,10,19.5,80
Eli Rogers,PIT,WR,26,3,3,0,0,0,0,0,1,-4,-4,0,14,12,79,6.58,0,10,21.5,163
Jeremy Sprinkle,WAS,TE,24,16,9,0,0,0,0,0,0,0,,0,9,5,41,8.2,1,10,15.1,78
De'Anthony Thomas,KAN,WR,25,5,0,0,0,0,0,0,1,6,6,0,5,3,29,9.67,1,10,12.5,162
Darren Waller,OAK,TE,26,4,0,0,0,0,0,0,1,21,21,0,6,6,75,12.5,0,10,15.6,79
DeAndre Washington,OAK,RB,25,10,0,0,0,0,0,0,30,115,3.83,0,1,1,9,9,0,10,11.4,102
Charcandrick West,KAN,RB,27,3,0,0,0,0,0,0,2,-1,-0.5,0,3,2,37,18.5,1,10,11.6,105
Jake Butt,DEN,TE,23,3,3,0,0,0,0,0,0,0,,0,13,8,85,10.63,0,9,16.5,82
D'Onta Foreman,HOU,RB,22,1,0,0,0,0,0,0,7,-1,-0.14,0,2,2,28,14,1,9,10.7,108
Devonta Freeman,ATL,RB,26,2,2,0,0,0,0,0,14,68,4.86,0,7,5,23,4.6,0,9,14.1,107
C.J. Ham,MIN,RB,25,15,2,0,0,0,0,0,6,8,1.33,0,15,11,85,7.73,0,9,20.3,106
Dontrell Hilliard,CLE,RB,23,11,0,0,1,0,0,1,0,0,,0,10,9,105,11.67,0,9,17.5,109
Kevin White,CHI,WR,26,9,0,0,0,0,0,0,0,0,,0,8,4,92,23,0,9,13.2,164
Luke Willson,DET,TE,28,14,8,0,0,0,0,0,0,0,,0,19,13,87,6.69,0,9,21.7,81
Cameron Batson,TEN,WR,23,11,2,0,0,0,0,0,1,1,1,0,11,8,82,10.25,0,8,16.3,165
Corey Coleman,NYG,WR,24,8,1,0,0,0,0,0,1,5,5,0,8,5,71,14.2,0,8,12.6,166
Tyler Conklin,MIN,TE,23,16,3,0,0,0,0,0,0,0,,0,7,5,77,15.4,0,8,12.7,84
Matt Lengel,CIN,TE,28,11,2,0,0,0,0,0,0,0,,0,8,3,17,5.67,1,8,10.7,85
Elijhaa Penny,NYG,RB,25,14,3,0,0,0,0,0,7,25,3.57,0,9,8,50,6.25,0,8,15.5,110
Logan Thomas,BUF,TE,27,12,3,1,1,15,0,0,0,0,,0,17,12,77,6.42,0,8,20.3,83
Mark Walton,CIN,RB,21,14,0,0,0,0,0,0,14,34,2.43,0,8,5,41,8.2,0,8,12.5,111
Derek Anderson,BUF,QB,35,2,2,42,70,465,0,4,1,-1,-1,0,0,0,0,,0,7,6.5,55
Kenjon Barner,2TM,RB,28,9,0,0,0,0,0,0,19,71,3.74,0,1,1,3,3,0,7,8.4,112
Blake Bell,JAX,TE,27,10,4,0,0,0,0,0,0,0,,0,11,8,67,8.38,0,7,14.7,89
Teddy Bridgewater,NOR,QB,26,5,1,14,23,118,1,1,11,5,0.45,0,0,0,0,,0,7,7.2,54
Patrick DiMarco,BUF,RB,29,16,5,0,0,0,0,0,1,9,9,0,4,3,62,20.67,0,7,10.1,113
Jermaine Gresham,ARI,TE,30,13,11,0,0,0,0,0,0,0,,0,12,9,94,10.44,0,7,16.4,86
Xavier Grimble,PIT,TE,26,16,2,0,0,0,0,0,0,0,,0,8,6,86,14.33,0,7,12.6,90
Detrez Newsome,LAC,RB,24,9,0,0,0,0,0,0,11,49,4.45,0,2,2,19,9.5,0,7,8.8,114
Joshua Perkins,PHI,TE,25,9,1,0,0,0,0,0,0,0,,0,11,5,67,13.4,0,7,11.7,88
Eric Tomlinson,NYJ,TE,26,15,12,0,0,0,0,0,0,0,,0,14,8,72,9,0,7,15.2,87
Russell Gage,ATL,WR,22,15,0,0,0,0,0,0,0,0,,0,10,6,63,10.5,0,6,12.3,168
David Grinnage,JAX,TE,24,4,2,0,0,0,0,0,0,0,,0,8,6,61,10.17,0,6,12.1,92
Ryan Hewitt,IND,TE,27,12,2,0,0,0,0,0,0,0,,0,2,1,1,1,1,6,7.1,91
JJ Nelson,ARI,WR,26,14,2,0,0,0,0,0,4,0,0,0,19,7,64,9.14,0,6,13.4,167
Bradley Sowell,CHI,RB,29,16,1,0,0,0,0,0,0,0,,0,2,1,2,2,1,6,7.2,115
Derrick Willies,CLE,WR,24,5,0,0,0,0,0,0,0,0,,0,5,3,61,20.33,0,6,9.1,169
Kamar Aiken,PHI,WR,29,5,1,0,0,0,0,0,0,0,,0,7,6,53,8.83,0,5,11.3,171
Antony Auclair,TAM,TE,25,16,10,0,0,0,0,0,0,0,,0,8,7,48,6.86,0,5,11.8,96
Mike Boone,MIN,RB,23,8,0,0,0,0,0,0,11,47,4.27,0,3,2,1,0.5,0,5,6.8,117
Noah Brown,DAL,WR,22,8,2,0,0,0,0,0,0,0,,0,8,5,54,10.8,0,5,10.4,170
Rico Gathers,DAL,TE,24,15,4,0,0,0,0,0,0,0,,0,7,3,45,15,0,5,7.5,99
Shelton Gibson,PHI,WR,23,15,0,0,0,0,0,0,0,0,,0,3,1,48,48,0,5,5.8,173
Jacob Hollister,NWE,TE,25,8,1,0,0,0,0,0,0,0,,0,5,4,52,13,0,5,9.2,93
DeShone Kizer,GNB,QB,22,3,0,20,42,187,0,2,5,39,7.8,0,0,0,0,,0,5,5.4,56
Eric Saubert,ATL,TE,24,16,1,0,0,0,0,0,0,0,,0,9,5,48,9.6,0,5,9.8,97
Durham Smythe,MIA,TE,23,15,2,0,0,0,0,0,0,0,,0,11,6,50,8.33,0,5,11,95
Neal Sterling,NYJ,TE,26,5,4,0,0,0,0,0,0,0,,0,8,6,47,7.83,0,5,10.7,98
Nate Sudfeld,PHI,QB,25,2,0,1,2,22,1,0,2,-2,-1,0,0,0,0,,0,5,4.7,57
Roc Thomas,MIN,RB,23,5,0,0,0,0,0,0,8,30,3.75,0,4,2,21,10.5,0,5,7.1,116
Delanie Walker,TEN,TE,34,1,1,0,0,0,0,0,0,0,,0,7,4,52,13,0,5,9.2,94
Jesus Wilson,TAM,WR,23,5,0,0,0,0,0,0,0,0,,0,5,4,52,13,0,5,9.2,172
Chad Beebe,MIN,WR,24,3,0,0,0,0,0,0,0,0,,0,4,4,39,9.75,0,4,7.9,176
Tommy Bohanon,JAX,RB,28,16,6,0,0,0,0,0,1,0,0,0,9,6,41,6.83,0,4,10.1,119
Ben Braunecker,CHI,TE,24,15,2,0,0,0,0,0,0,0,,0,5,3,42,14,0,4,7.2,100
Jawill Davis,NYG,WR,23,7,0,0,0,0,0,0,0,0,,0,8,4,40,10,0,4,8,174
Tyler Ervin,HOU,RB,25,9,0,0,0,0,0,0,0,0,,0,3,3,35,11.67,0,4,6.5,125
Jordan Franks,CIN,TE,22,6,0,0,0,0,0,0,0,0,,0,3,2,37,18.5,0,4,5.7,103
Rashad Greene,JAX,WR,26,8,1,0,0,0,0,0,0,0,,0,8,6,60,10,0,4,10,175
Tyler Kroft,CIN,TE,26,5,2,0,0,0,0,0,0,0,,0,6,4,36,9,0,4,7.6,105
Marcedes Lewis,GNB,TE,34,16,4,0,0,0,0,0,0,0,,0,4,3,39,13,0,4,6.9,101
T.J. Logan,ARI,RB,24,10,0,0,0,0,0,0,2,2,1,0,7,7,37,5.29,0,4,10.9,121
Tre Madden,SEA,RB,25,14,3,0,0,0,0,0,3,3,1,0,3,2,35,17.5,0,4,5.8,122
Byron Marshall,WAS,RB,24,6,0,0,0,0,0,0,3,9,3,0,6,4,30,7.5,0,4,7.9,120
David Morgan,MIN,TE,25,11,6,0,0,0,0,0,0,0,,0,6,5,36,7.2,0,4,8.6,104
Roosevelt Nix,PIT,RB,26,16,0,0,0,0,0,0,1,4,4,0,6,4,38,9.5,0,4,8.2,118
Samaje Perine,WAS,RB,23,5,0,0,0,0,0,0,8,32,4,0,4,3,5,1.67,0,4,6.7,123
John Phillips,ARI,TE,31,8,4,0,0,0,0,0,0,0,,0,3,3,38,12.67,0,4,6.8,102
Auden Tate,CIN,WR,21,7,0,0,0,0,0,0,0,0,,0,12,4,35,8.75,0,4,7.5,178
Jalen Tolliver,ARI,WR,23,3,1,0,0,0,0,0,0,0,,0,6,3,37,12.33,0,4,6.7,177
David Williams,JAX,RB,24,6,0,0,0,0,0,0,8,36,4.5,0,0,0,0,,0,4,3.6,124
Dwayne Allen,NWE,TE,28,13,8,0,0,0,0,0,0,0,,0,4,3,27,9,0,3,5.7,107
Benny Cunningham,CHI,RB,28,15,0,0,0,0,0,0,11,20,1.82,0,2,1,9,9,0,3,3.9,129
Mike Gillislee,NOR,RB,28,4,0,0,0,0,0,0,16,43,2.69,0,1,1,9,9,0,3,4.2,127
Jeremy Hill,NWE,RB,26,1,0,0,0,0,0,0,4,25,6.25,0,1,1,6,6,0,3,4.1,128
Jeremy Langford,ATL,RB,27,1,0,0,0,0,0,0,9,25,2.78,0,0,0,0,,0,3,2.5,130
Brian Parker,DEN,TE,26,13,1,0,0,0,0,0,0,0,,0,10,5,33,6.6,0,3,8.3,106
Charone Peake,NYJ,WR,26,13,0,0,0,0,0,0,0,0,,0,3,2,25,12.5,0,3,4.5,180
Shaun Wilson,TAM,RB,23,5,0,0,0,0,0,0,6,29,4.83,0,5,3,5,1.67,0,3,6.4,126
Javon Wims,CHI,WR,24,4,0,0,0,0,0,0,0,0,,0,5,4,32,8,0,3,7.2,179
Nick Bellore,DET,RB,29,14,4,0,0,0,0,0,1,0,0,0,4,4,15,3.75,0,2,5.5,141
Travaris Cadet,CAR,RB,29,1,0,0,0,0,0,0,11,17,1.55,0,1,1,5,5,0,2,3.2,132
Matt Cassel,DET,QB,36,2,0,7,17,59,0,1,2,13,6.5,0,0,0,0,,0,2,1.7,58
Orson Charles,CLE,TE,27,13,2,0,0,0,0,0,0,0,,0,5,3,23,7.67,0,2,5.3,109
Derrick Coleman,ARI,RB,28,16,4,0,0,0,0,0,2,3,1.5,0,3,2,17,8.5,0,2,4,134
River Cracraft,DEN,WR,24,8,0,0,0,0,0,0,0,0,,0,2,1,44,44,0,2,3.4,182
Sean Culkin,LAC,TE,25,13,10,0,0,0,0,0,0,0,,0,1,1,24,24,0,2,3.4,108
Justin Davis,LAR,RB,23,11,0,0,0,0,0,0,2,19,9.5,0,0,0,0,,0,2,1.9,135
Gehrig Dieter,KAN,WR,25,4,0,0,0,0,0,0,0,0,,0,3,1,22,22,0,2,3.2,184
David Fluellen,TEN,RB,26,7,0,0,0,0,0,0,4,16,4,0,0,0,0,,0,2,1.6,138
Garrett Gilbert,CAR,QB,27,1,0,2,3,40,0,0,0,0,,0,0,0,0,,0,2,1.6,59
KhaDarel Hodge,LAR,WR,23,14,0,0,0,0,0,0,0,0,,0,3,2,17,8.5,0,2,3.7,190
Justin Hunter,PIT,WR,27,5,0,0,0,0,0,0,0,0,,0,13,3,21,7,0,2,5.1,185
Darius Jackson,2TM,RB,25,4,0,0,0,0,0,0,6,16,2.67,0,1,0,0,,0,2,1.6,139
Rishard Matthews,2TM,WR,29,8,0,0,0,0,0,0,0,0,,0,9,5,24,4.8,0,2,7.4,181
Ray-Ray McCloud,BUF,WR,22,10,1,0,0,0,0,0,2,4,2,0,6,5,36,7.2,0,2,7,186
C.J. Prosise,SEA,RB,24,5,0,0,0,0,0,0,1,-3,-3,0,3,3,22,7.33,0,2,4.9,136
Brian Quick,WAS,WR,29,6,3,0,0,0,0,0,0,0,,0,3,3,18,6,0,2,4.8,189
Keith Smith,OAK,RB,26,16,3,0,0,0,0,0,1,0,0,0,6,5,23,4.6,0,2,7.3,131
Jonathan Stewart,NYG,RB,31,3,0,0,0,0,0,0,6,17,2.83,0,0,0,0,,0,2,1.7,137
Tyrone Swoopes,SEA,TE,24,1,1,0,0,0,0,0,0,0,,0,1,1,23,23,0,2,3.3,110
De'Lance Turner,BAL,RB,23,4,0,0,0,0,0,0,1,4,4,0,2,2,17,8.5,0,2,4.1,133
Malik Turner,SEA,WR,22,6,0,0,0,0,0,0,0,0,,0,3,2,20,10,0,2,4,187
Brandon Wilds,JAX,RB,25,3,0,0,0,0,0,0,6,15,2.5,0,0,0,0,,0,2,1.5,140
Nick Williams,2TM,WR,28,4,0,0,0,0,0,0,0,0,,0,5,2,17,8.5,0,2,3.7,191
Terrance Williams,DAL,WR,29,3,2,0,0,0,0,0,0,0,,0,3,2,18,9,0,2,3.8,188
Brandon Zylstra,MIN,WR,25,16,0,0,0,0,0,0,0,0,,0,2,1,23,23,0,2,3.3,183
Ameer Abdullah,2TM,RB,25,10,0,0,0,0,0,0,1,1,1,0,4,3,28,9.33,0,1,3.9,146
Victor Bolden,2TM,WR,23,6,0,0,0,0,0,0,0,0,,0,4,1,10,10,0,1,2,195
Michael Burton,CHI,RB,26,8,1,0,0,0,0,0,0,0,,0,1,1,6,6,0,1,1.6,151
Damiere Byrd,CAR,WR,25,8,0,0,0,0,0,0,0,0,,0,2,1,8,8,0,1,1.8,198
Jamaal Charles,JAX,RB,32,2,0,0,0,0,0,0,6,7,1.17,0,3,2,7,3.5,0,1,3.4,142
Sammie Coates,HOU,WR,25,12,0,0,0,0,0,0,0,0,,0,2,1,12,12,0,1,2.2,193
Alan Cross,TAM,TE,25,14,3,0,0,0,0,0,0,0,,0,5,2,9,4.5,0,1,2.9,115
Joshua Dobbs,PIT,QB,23,5,0,6,12,43,0,1,4,11,2.75,0,0,0,0,,0,1,0.8,63
Ross Dwelley,SFO,TE,23,11,0,0,0,0,0,0,0,0,,0,2,2,14,7,0,1,3.4,111
Matt Flanagan,WAS,TE,23,3,1,0,0,0,0,0,0,0,,0,1,1,14,14,0,1,2.4,112
Robert Griffin,BAL,QB,28,3,0,2,6,21,0,0,0,0,,0,0,0,0,,0,1,0.8,62
Justin Hardee,NOR,WR,24,16,0,0,0,0,0,0,0,0,,0,1,1,10,10,0,1,2,196
Keon Hatcher,OAK,WR,24,3,0,0,0,0,0,0,0,0,,0,2,1,8,8,0,1,1.8,199
Chad Henne,KAN,QB,33,1,0,2,3,29,0,0,1,3,3,0,0,0,0,,0,1,1.5,60
Robert Kelley,WAS,RB,26,2,0,0,0,0,0,0,4,8,2,0,0,0,0,,0,1,0.8,148
Marcus Kemp,KAN,WR,23,16,0,0,0,0,0,0,0,0,,0,2,1,7,7,0,1,1.7,202
Jeremy Kerley,BUF,WR,30,1,1,0,0,0,0,0,0,0,,0,4,2,7,3.5,0,1,2.7,203
Darvin Kidsy,WAS,WR,23,2,0,0,0,0,0,0,0,0,,0,2,1,8,8,0,1,1.8,200
Allen Lazard,GNB,WR,23,1,0,0,0,0,0,0,0,0,,0,1,1,7,7,0,1,1.7,201
Khari Lee,BUF,TE,26,2,0,0,0,0,0,0,0,0,,0,1,1,5,5,0,1,1.5,117
Josh Malone,CIN,WR,22,9,0,0,0,0,0,0,0,0,,0,5,1,12,12,0,1,2.2,194
J.D. McKissic,SEA,RB,25,5,0,0,0,0,0,0,3,8,2.67,0,1,0,0,,0,1,0.8,149
Jeremy McNichols,2TM,RB,23,2,0,0,0,0,0,0,4,8,2,0,0,0,0,,0,1,0.8,150
Christine Michael,IND,RB,28,1,0,0,0,0,0,0,2,9,4.5,0,0,0,0,,0,1,0.9,147
Johnny Mundt,LAR,TE,24,10,0,0,0,0,0,0,0,0,,0,1,1,5,5,0,1,1.5,118
Jamize Olawale,DAL,RB,29,16,4,0,0,0,0,0,0,0,,0,4,2,13,6.5,0,1,3.3,143
Ricky Ortiz,ATL,RB,24,12,9,0,0,0,0,0,0,0,,0,4,3,11,3.67,0,1,4.1,145
Cam Phillips,BUF,WR,23,2,0,0,0,0,0,0,0,0,,0,1,1,9,9,0,1,1.9,197
Richard Rodgers,PHI,TE,26,7,0,0,0,0,0,0,0,0,,0,1,1,7,7,0,1,1.7,116
Dion Sims,CHI,TE,27,8,4,0,0,0,0,0,0,0,,0,4,2,9,4.5,0,1,2.9,114
Hakeem Valles,DET,TE,26,3,0,0,0,0,0,0,0,0,,0,3,2,11,5.5,0,1,3.1,113
Justin Watson,TAM,WR,23,12,0,0,0,0,0,0,0,0,,0,3,1,5,5,0,1,1.5,204
Derek Watt,LAC,RB,26,16,5,0,0,0,0,0,4,11,2.75,0,1,1,2,2,0,1,2.3,144
Joe Webb,HOU,QB,32,16,0,0,0,0,0,0,0,0,,0,3,2,13,6.5,0,1,3.3,61
Tim White,BAL,WR,24,3,0,0,0,0,0,0,0,0,,0,1,1,14,14,0,1,2.4,192
Jacoby Brissett,IND,QB,26,4,0,2,4,2,0,0,7,-7,-1,0,0,0,0,,0,-1,-0.6,72
Brian Hoyer,NWE,QB,33,5,0,1,2,7,0,0,11,-8,-0.73,0,0,0,0,,0,-1,-0.5,71
J'Mon Moore,GNB,WR,23,12,0,0,0,0,0,0,0,0,,0,3,2,15,7.5,0,-1,1.5,241
Geno Smith,LAC,QB,28,5,0,1,4,8,0,0,8,2,0.25,0,0,0,0,,0,-1,-1.5,73
Rod Streater,CLE,WR,30,3,0,0,0,0,0,0,1,-11,-11,0,0,0,0,,0,-1,-1.1,242
Robert Turbin,IND,RB,29,2,0,0,0,0,0,0,4,10,2.5,0,2,1,3,3,0,-1,0.3,166
Kaelin Clay,NYG,,26,2,0,0,0,0,0,0,0,0,,0,0,0,0,,0,-2,-2,245
JJ Jones,2TM,WR,26,4,0,0,0,0,0,0,1,0,0,0,1,1,3,3,0,-2,-0.7,243
Kyle Lauletta,NYG,QB,23,2,0,0,5,0,0,1,1,-2,-2,0,0,0,0,,0,-2,-2.2,74
Riley McCarron,NWE,,25,1,0,0,0,0,0,0,0,0,,0,1,0,0,,0,-2,-2,244
Jojo Natson,LAR,,24,13,0,0,0,0,0,0,0,0,,0,0,0,0,,0,-2,-2,246
Shane Smith,NYG,,25,2,0,0,0,0,0,0,0,0,,0,0,0,0,,0,,,1
Saeed Blacknall,OAK,,22,1,0,0,0,0,0,0,0,0,,0,0,0,0,,0,,,226
Daniel Brown,CHI,,26,14,0,0,0,0,0,0,0,0,,0,0,0,0,,0,,,126
Deante Burton,2TM,,24,3,0,0,0,0,0,0,0,0,,0,0,0,0,,0,,,227
Jehu Chesson,WAS,WR,25,12,0,0,0,0,0,0,1,-4,-4,0,2,1,7,7,0,,1.3,205
Lavon Coleman,GNB,,24,1,0,0,0,0,0,0,0,0,,0,0,0,0,,0,,,159
Stacy Coley,2TM,,24,3,0,0,0,0,0,0,0,0,,0,1,0,0,,0,,,228
Pharoh Cooper,2TM,,23,7,0,0,0,0,0,0,0,0,,0,1,0,0,,0,,,229
Jerome Cunningham,DET,,27,3,0,0,0,0,0,0,0,0,,0,1,0,0,,0,,,131
Darrell Daniels,2TM,,24,11,3,0,0,0,0,0,0,0,,0,2,0,0,,0,,,122
Geremy Davis,LAC,,26,14,0,0,0,0,0,0,0,0,,0,1,0,0,,0,,,215
Trevor Davis,GNB,,25,2,0,0,0,0,0,0,0,0,,0,0,0,0,,0,,,232
Dalyn Dawkins,TEN,,24,2,0,0,0,0,0,0,0,0,,0,0,0,0,,0,,,162
Matthew Dayes,SFO,,24,7,0,0,0,0,0,0,0,0,,0,0,0,0,,0,,,155
Garrett Dickerson,NYG,,23,4,0,0,0,0,0,0,0,0,,0,0,0,0,,0,,,132
Quinton Dunbar,WAS,,26,7,6,0,0,0,0,0,0,0,,0,0,0,0,,0,,,230
Steven Dunbar,SFO,,23,1,0,0,0,0,0,0,0,0,,0,0,0,0,,0,,,239
Malachi Dupre,ARI,,23,1,0,0,0,0,0,0,0,0,,0,0,0,0,,0,,,236
Trey Edmunds,PIT,,24,4,0,0,0,0,0,0,0,0,,0,0,0,0,,0,,,163
Alex Ellis,KAN,,25,2,0,0,0,0,0,0,0,0,,0,0,0,0,,0,,,134
Donnie Ernsberger,TAM,,22,2,0,0,0,0,0,0,0,0,,0,0,0,0,,0,,,123
Isaiah Ford,MIA,,22,1,0,0,0,0,0,0,0,0,,0,1,0,0,,0,,,216
Daurice Fountain,IND,,23,1,0,0,0,0,0,0,0,0,,0,0,0,0,,0,,,219
Mose Frazier,CAR,,25,1,0,0,0,0,0,0,0,0,,0,0,0,0,,0,,,231
Rico Gafford,OAK,,22,1,0,0,0,0,0,0,0,0,,0,0,0,0,,0,,,207
C.J. Goodwin,DAL,,28,3,0,0,0,0,0,0,0,0,,0,0,0,0,,0,,,217
Janarion Grant,BAL,,25,2,0,0,0,0,0,0,0,0,,0,0,0,0,,0,,,225
Garrett Griffin,NOR,,24,0,0,0,0,0,0,0,0,0,,0,0,0,0,,0,,,124
Clark Harris,CIN,,34,16,0,0,0,0,0,0,0,0,,0,0,0,0,,0,,,127
Temarrick Hemingway,DEN,,25,5,0,0,0,0,0,0,0,0,,0,0,0,0,,0,,,129
De'Angelo Henderson,NYJ,RB,26,3,0,0,0,0,0,0,2,19,9.5,0,0,0,0,,0,,-0.1,165
Quadree Henderson,NYG,,22,5,0,0,0,0,0,0,0,0,,0,0,0,0,,0,,,208
Hunter Henry,LAC,,24,0,0,0,0,0,0,0,0,0,,0,0,0,0,,0,,,121
Darrius Heyward-Bey,PIT,WR,31,14,2,0,0,0,0,0,1,-7,-7,0,2,1,9,9,0,,1.2,206
Gabe Holmes,ARI,,27,8,4,0,0,0,0,0,0,0,,0,0,0,0,,0,,,130
Johnny Holton,OAK,,27,1,0,0,0,0,0,0,0,0,,0,1,0,0,,0,,,218
Buddy Howell,HOU,,22,4,0,0,0,0,0,0,0,0,,0,0,0,0,,0,,,154
Gregory Howell,HOU,,22,15,0,0,0,0,0,0,0,0,,0,0,0,0,,0,,,158
Chad Kelly,DEN,QB,24,1,0,0,0,0,0,0,1,-1,-1,0,0,0,0,,0,,-0.1,69
Ben Koyack,JAX,,25,7,2,0,0,0,0,0,0,0,,0,0,0,0,,0,,,135
Chris Lacy,DET,,22,1,0,0,0,0,0,0,0,0,,0,1,0,0,,0,,,209
Lance Lenoir,DAL,,23,7,0,0,0,0,0,0,0,0,,0,0,0,0,,0,,,237
Tony Lippett,NYG,,26,3,0,0,0,0,0,0,0,0,,0,0,0,0,,0,,,233
Sean Mannion,LAR,QB,26,3,0,2,3,23,0,0,7,-9,-1.29,0,0,0,0,,0,,,67
Bradley Marquez,DET,,26,1,0,0,0,0,0,0,0,0,,0,0,0,0,,0,,,234
Freddie Martino,TAM,,27,4,0,0,0,0,0,0,0,0,,0,1,0,0,,0,,,220
A.J. McCarron,OAK,QB,28,2,0,1,3,8,0,0,3,-2,-0.67,0,0,0,0,,0,,0.1,65
Max McCaffrey,SFO,,24,1,0,0,0,0,0,0,0,0,,0,0,0,0,,0,,,210
Tanner McEvoy,MIA,,25,2,0,0,0,0,0,0,0,0,,0,0,0,0,,0,,,212
Jaydon Mickens,JAX,,24,6,0,0,0,0,0,0,0,0,,0,0,0,0,,0,,,213
Steven Mitchell,HOU,,24,1,0,0,0,0,0,0,0,0,,0,0,0,0,,0,,,223
Dare Ogunbowale,TAM,,24,2,0,0,0,0,0,0,0,0,,0,0,0,0,,0,,,160
Senorise Perry,MIA,,27,16,0,0,0,0,0,0,0,0,,0,0,0,0,,0,,,164
Thomas Rawls,CIN,,25,1,0,0,0,0,0,0,0,0,,0,0,0,0,,0,,,156
Keenan Reynolds,SEA,,25,2,0,0,0,0,0,0,0,0,,0,0,0,0,,0,,,161
Cooper Rush,DAL,,25,1,0,0,0,0,0,0,0,0,,0,0,0,0,,0,,,68
Alonzo Russell,NYG,,26,1,0,0,0,0,0,0,0,0,,0,0,0,0,,0,,,224
Mark Sanchez,WAS,QB,32,2,1,19,35,138,0,3,1,8,8,0,0,0,0,,0,,0.3,64
Matt Schaub,ATL,QB,37,3,0,5,7,20,0,0,1,0,0,0,1,1,-7,-7,0,,1.1,66
Mason Schreck,CIN,,25,6,0,0,0,0,0,0,0,0,,0,0,0,0,,0,,,119
Boston Scott,PHI,,23,2,0,0,0,0,0,0,0,0,,0,0,0,0,,0,,,157
Da'Mari Scott,BUF,,23,3,0,0,0,0,0,0,0,0,,0,0,0,0,,0,,,221
Cam Sims,WAS,,22,1,0,0,0,0,0,0,0,0,,0,0,0,0,,0,,,235
Matthew Slater,NWE,,33,16,0,0,0,0,0,0,0,0,,0,0,0,0,,0,,,214
Nate Solder,NYG,,30,16,16,0,0,0,0,0,0,0,,0,0,0,0,,0,,,133
Brandon Tate,NOR,,31,1,0,0,0,0,0,0,0,0,,0,0,0,0,,0,,,211
Mike Thomas,LAR,,24,1,0,0,0,0,0,0,0,0,,0,0,0,0,,0,,,238
Danny Vitale,GNB,RB,25,5,0,0,0,0,0,0,0,0,,0,2,1,2,2,0,,1.2,152
Clive Walford,NYJ,,27,1,1,0,0,0,0,0,0,0,,0,0,0,0,,0,,,120
Mike Wallace,PHI,,32,2,2,0,0,0,0,0,0,0,,0,3,0,0,,0,,,240
Brandon Weeden,HOU,QB,35,1,0,0,0,0,0,0,1,-1,-1,0,0,0,0,,0,,-0.1,70
Markus Wheaton,PHI,,27,1,0,0,0,0,0,0,0,0,,0,0,0,0,,0,,,222
Cole Wick,SFO,,25,5,0,0,0,0,0,0,0,0,,0,1,0,0,,0,,,128
Jonathan Williams,NOR,RB,24,3,0,0,0,0,0,0,3,0,0,0,1,1,1,1,0,,1.1,153
Deon Yelder,KAN,,23,3,0,0,0,0,0,0,0,0,,0,0,0,0,,0,,,125
